"Tatte Bakery","Coffee shop","Multiple locations"
"Broadway","Brunch","Southie"
"Tatte Bakery","Coffee shop","Multiple locations"
"Life Alive Organic Cafe ","Coffee shop","Multiple locations"
"Tatte Bakery","Coffee shop","Multiple locations"
"Tatte Bakery","Coffee shop","Multiple locations"
"Legal Harborside Rooftop","Rooftop","Seaport"
"Ambassade Biologique Recherche","Facial","Back Bay"
Simmons University,,300 The Fenway
"Broadway","Brunch","Southie"
"The Grand","Nightclub","Seaport"
"Broadway","Brunch","Southie"
